id,artist_kr,artist_en,album_img,date,title_kr,title_en,type,desc_kr,desc_en,track_kr,track_en
wb1,우빈,WOOBIN,woobin-debut.jpg,2015.11.15,싫더라,싫더라,First Single Album,"누군가에게 차이고 처음 느낀, 순수한 아픔.<br>
이유도, 원망도 없이 그저 마음이 아팠던 시간.<br>
우빈의 첫 솔로 싱글","The pure pain felt for the first time after being hurt by someone.<br>
A time when your heart ached, without reason or resentment.<br>
WOOBIN’s first solo single","1. 싫더라 <br>
2. 싫더라 (inst.)","1. 싫더라 <br>
2. 싫더라 (inst.)
"
lmn1,루미너스,LUMINOUS,lmn-vision.avif,2021.08.19, 꿈을 꾸는 루미너스,VISION,Pre-Debut EP,"타이틀곡 “꿈루” 와 멤버 자작곡 4곡을 수록한 EP앨범이다.<br>
2020년 1월에 선 공개된 개인티져 이후 코로나 상황으로 인해 데뷔가 늦어지면서<br>
지금까지 긴 시간 묵묵히 기다려주며 응원을 보내준 팬들을 위한 루미너스가 보내는 선물의 의미를 지닌 앨범이다.<br>
타이틀 “꿈루”와 멤버 개인의 가장 순수한 초도작들로 채움으로써 그 의미를 완성한 데뷔 전 스페셜 앨범이라고 할 수 있다. ","This EP album includes the title track “Dreaming LUMINOUS” along with four self-composed songs by the members.<br>
Originally teased in January 2020, the debut was delayed due to the COVID-19 situation. <br>This album serves as a gift from Luminous to the fans who have patiently supported and waited all this time.<br>
Filled with the title track “Dreaming LUMINOUS” and each member’s purest early works, it is a special pre-debut album that completes this meaningful gesture.","<b>1. 꿈루 (꿈을 꾸는 루미너스)</b><br>
2. Up all night<br>
3. ROD (ride or die)<br>
4. 별
<b>5. 여행 (Orbit)</b>","<b>1. Dreaming LUMINOUS</b><br>
2. Up all night <br>
3. ROD (ride or die) <br>
4. STAR <br>
<b>5. Orbit </b>"
lmn2,루미너스,LUMINOUS,lmn-youth.avif,2021.09.09,YOUTH,YOUTH,Debut EP,"루미너스(LUMINOUS)의 세계관에 맞춰 기획된 “루미너스 시리즈” 의 1st. story ""YOUTH""<br><br>

외롭고 혼란스러운 ‘밀레니얼 세대’를 살아가는 이 시대의 청춘들을 대변하고 위로하는 ‘빛과 같은 벗’ 으로서의 존재가 되고자 한다.<br><br>

""루미너스 시리즈"" 그 첫번째 이야기 데뷔앨범 ""YOUTH""는 “힘겹지만 아름다운 청춘” 이라는 주제를 가지고<br>
같은 시대를 살아가는 청춘들과 ""공감"" 과 ""위로""이라는 키워드를 공유하고자 하며,<br>
힙합 기반의 알앤비, 팝 음악 그리고 ""우리의 이야기""를 가사로 표현하며 완성되었다<br>
이후에 발표할 앨범들을 통해 그 스토리는 3번째 이야기로 연결될 계획. ","Planned in line with LUMINOUS’s universe, the “Luminous Series” begins with its 1st story: “YOUTH.”
<br><br>
It aims to represent and comfort the youth of this era—the lonely and confused millennial generation—serving as a ‘friend like light.’
<br><br>
The debut album “YOUTH,” the first story in the “Luminous Series,” carries the theme of ‘tough yet beautiful youth.’ <br>It shares the keywords of ‘empathy’ and ‘comfort’ with young people living in the same era. <br>Through hip-hop-based R&B, pop music, and lyrics expressing ‘our story,’ the album is brought to life.
<br><br>
The story of the “Luminous Series” will continue and connect to the 3rd story through albums released in the future.","1. INTRO <br>
<b>2. RUN</b><br>
3. Home Alone<br>
4. Run (inst.)<br>
5. Home Alone (inst.)","1. INTRO <br>
<b>2. RUN</b><br>
3. Home Alone<br>
4. Run (inst.)<br>
5. Home Alone (inst.)
"
lmn3,루미너스,LUMINOUS,lmn-blad.jpg,2022.01.20,빛과 어둠 사이 (Self n Ego),Between Light and Darkness (Self n Ego),Mini Album,"루미너스 2집 미니앨범 ""빛과 어둠 사이(Self n Ego)""
<br><br>
외롭고 혼란스러운 ‘밀레니얼’의 청춘들을 대변하고 위로하는 ‘빛과 같은 벗’<br>
루미너스(LUMINOUS)의 세계관에 맞춰진 “루미너스 시리즈”의 “2nd. Story”<br>
""빛과 어둠 사이(Self n Ego)""
<br><br>
루미너스 시리즈의 두번째 이야기 ""빛과 어둠 사이(Self n Ego)"" 는 “Where am I” 라는 주제를 가지고 빛과 어둠에 빗대어 “진정한 자기 (self)”와 가면 같은 “만들어진 자아 (ego)” 사이의 혼란과 고민을 담은 곡들로 채워져 있다.<br>
마치 빛과 어둠 중 그 어느 쪽의 경계 안으로도 들어가지 못한 듯, 애매한 사이공간 속에서 자아와 행복에 대한 본질적인 질문을 던지며 고민하는 청춘의 이야기.<br>
진정한 “나” 를 찾아가는 과정에서 스스로에게 던지는 질문들로 채워진 루미너스의 2집 앨범<br>
""빛과 어둠 사이(Self n Ego)""<br>
그리고 마침내, 이 질문들에 대한 스스로의 대답은 ‘루미너스 시리즈’ 의 3rd Story 에서 노래할 예정. ","LUMINOUS 2nd Mini Album: “Between Light and Darkness (Self n Ego)”
<br><br>
A ‘friend like light’ representing and comforting the lonely and confused youth of the millennial generation.<br>
The 2nd story of the “Luminous Series,” “Between Light and Darkness (Self n Ego)” continues the universe of LUMINOUS.
<br><br>
The second story in the series, “Between Light and Darkness (Self n Ego),” carries the theme “Where am I?” Through metaphors of light and darkness, <br>the album explores the confusion and struggles between the true self and the constructed, mask-like ego.
<br><br>
Like being caught in a space where you can’t step fully into either light or darkness, it tells the story of youth questioning the essence of self and happiness within this ambiguous in-between.
<br><br>
Filled with questions LUMINOUS asks themselves on the journey to discover their true “self,” the 2nd album “Between Light and Darkness (Self n Ego)” sets the stage for answers that will be revealed in the 3rd story of the Luminous Series.","1. MATRYOSHKA<br>
2. Trouble<br>
<b>3. All eyes down (비상)<b><br>
4. 섬광증 (blind)<br>
5. Want it more?","1. MATRYOSHKA<br>
2. Trouble<br>
<b>3. All eyes down (advance)<b><br>
4. Scintillation<br>
5. Want it more?
"
lmn4,루미너스,LUMINOUS,lmn-wishyouwerehere.jpg,2022.05.21,Wish You Were Here,Wish You Were Here,Single Album,"루미너스 1st Single Album ‘Wish You Were Here’
<br><br>
이렇게 '어렵고 힘든 세상' 속에 '네'가 있었다면 좋았을 텐데…
<br>
세상 사람들에게 루미너스가 전하고자 하는 주제, '사랑'을 누구나 각자의 삶 속에 있을 소중한 “너”라는 피사체에 담아 전하고자 한다.
<br><br>
‘Wish You Were Here’은 언제나 같은 편에서 청춘들을 위로하고 싶은 루미너스의 바램을 담은 곡으로, 루미너스 시리즈의 3번째 스토리로 가기 전 팬들을 위해 루미너스가 준비한 선물이다.<br>
힘든 시기를 함께 이겨낸 대중과 팬들을 위한 루미너스의 따뜻한 메시지가 모두에게 가 닿기를 바란다","LUMINOUS 1st Single Album: “Wish You Were Here”
<br><br>
How wonderful it would have been if you had been there in this difficult and challenging world…
<br><br>
Through this album, LUMINOUS delivers the theme of love to the world, capturing the precious “you” who exists in each person’s life as the subject of their message.
<br><br>
“Wish You Were Here” is a song that embodies LUMINOUS’s wish to comfort youth, always standing by their side. <br>It is a special gift from LUMINOUS to fans, coming before the 3rd story of the Luminous Series.
<br><br>
They hope that LUMINOUS’s warm message reaches everyone—audiences and fans alike—who have overcome hard times together.","<b>1. Wish You Were Here </b><br>
2. Wish You Were Here (inst.)","<b>1. Wish You Were Here </b><br>
2. Wish You Were Here (inst.)
"
lmn5,루미너스,LUMINOUS,lmn-in-wonderland.avif,2022.08.17,LUMINOUS in WONDERLAND,LUMINOUS in WONDERLAND,Full Album,"‘밀레니얼’의 청춘들을 대변하고 위로하는 ‘빛과 같은 벗’ 루미너스(LUMINOUS)<br>
그들의 특별한 세계관에 맞춰진 “루미너스 시리즈”의 완결
“3rd. Story [LUMINOUS in WONDERLAND]”
<br><br>
루미너스 시리즈의 두 번째 이야기 ""빛과 어둠 사이(Self n Ego)"" 이후, 루미너스는 고뇌와 방황에 대한 스스로의 대답을 찾았다.<br>
마침내 ‘3rd Story LUMINOUS in WONDERLAND’는 “Happiness lives here” 라는 메시지와 함께 우리들 삶의 크고 작은 주제들을 담은 10곡으로 채워졌다.<br>
“이제 나는 두렵지 않아.”<br>
“어둠 속에서 뒤를 돌아보면 빛을 품은 널 볼 수 있기에.”<br>
“너와 내가 함께 있는 이곳은 영원히 원더랜드야”<br>
어쩌면 꿈일 수도, 어쩌면 사랑하는 사람일 수도 있는 내가 행복한 이유가 되는 “YOU”라는 존재로 채워진 희망 가득한 원더랜드.<br>
루미너스는 원더랜드를 머릿속으로만 그리는 것이 아닌, 우리의 실제 삶 속에서 만들어가자고 에너지 넘치게 외치며 긍정의 대답을 들려주고자 한다.<br>
진정한 “나”를 찾아가는 과정에서 스스로 영민하게 찾아낸 삶에 대한 철학을 동시대의 청춘들에게 공유할 것이다.<br>
열정 가득한 뜀뛰기로 원더랜드로 달려가고자 하는 희망의 메시지를 담은 첫 정규앨범 [LUMINOUS in WONDERLAND]를 통해 루미너스는 밝게 외치고 있다.<br>
“파랑새를 찾지 마. 이미 네 마음속에 있잖아.” “행복하기를 꿈꾸지 말고 우리는 지금 행복하면 돼.”<br>
“어린 시절의 나를 떠올려 봐. 그때의 나는 어둠도, 빛도 몰랐어.… 그저 나로 존재했을 뿐.”<br>
그러니까 그냥 달려보자.<br>
두려워 않고 달리다 보면 어른들의 말처럼 우린 영원한 청춘이야.","LUMINOUS – The “Luminous Series” Complete: 3rd Story [LUMINOUS in WONDERLAND]
<br><br>
LUMINOUS, the “friend like light” representing and comforting the youth of the millennial generation, presents the conclusion of their special universe in the “Luminous Series.”
<br><br>
After the second story, “Between Light and Darkness (Self n Ego),” LUMINOUS found their own answers to struggles and inner wandering. <br>The 3rd Story, [LUMINOUS in WONDERLAND], is filled with 10 tracks carrying the message “Happiness lives here” and exploring the many big and small themes of life.
<br><br>
“I am no longer afraid.”<br>
“Looking back in the darkness, I can see you holding the light.”<br>
“This place where you and I are together is Wonderland forever.”<br>
<br><br>
A hopeful Wonderland, filled with the presence of “YOU”—the one who may be a dream or a loved one—who becomes the reason for my happiness.<br> LUMINOUS passionately calls on us not just to imagine Wonderland in our minds, but to create it in our real lives, offering a positive answer through their music.
<br><br>
Sharing the life philosophy they have carefully discovered while finding their true self, LUMINOUS speaks directly to the youth of our time. <br>Their first full-length album, [LUMINOUS in WONDERLAND], delivers a message of hope: to run toward Wonderland with the energy and passion of youth.
<br><br>
“Don’t search for the bluebird. It’s already in your heart.”<br>
“Don’t just dream of being happy—we can be happy right now.”<br>
“Think back to your childhood self. Back then, I knew neither darkness nor light… I simply existed as me.”<br>
<br>
So let’s just run.<br>
Run without fear, and as the adults say, we will remain forever young.","1. Marionette<br>
<b>2. Creature<br>
3. Engine</b><br>
4. Your Ocean<br>
5. 열대야 (Crazy)<br>
6. Far <br>
7. Hologram <br>
8. Upside Down <br>
9. Talking Myself <br>
10. Legend
","1. Marionette<br>
<b>2. Creature<br>
3. Engine</b><br>
4. Your Ocean<br>
5. Crazy<br>
6. Far <br>
7. Hologram <br>
8. Upside Down <br>
9. Talking Myself <br>
10. Legend

"